<?xml version="1.0" encoding="UTF-8"?>
<project-private xmlns="http://www.netbeans.org/ns/project-private/1">
    <editor-bookmarks xmlns="http://www.netbeans.org/ns/editor-bookmarks/2" lastBookmarkId="0"/>
    <open-files xmlns="http://www.netbeans.org/ns/projectui-open-files/2">
        <group>
            <file>file:/C:/Users/appra/MPLABXProjects/Microwave_Oven.X/main.c</file>
            <file>file:/C:/Users/appra/MPLABXProjects/Microwave_Oven.X/matrix_kaypad.c</file>
            <file>file:/C:/Users/appra/MPLABXProjects/Microwave_Oven.X/timers.c</file>
        </group>
    </open-files>
</project-private>
